<?xml version="1.0" encoding="UTF-8"?>
<project-private xmlns="http://www.netbeans.org/ns/project-private/1">
    <editor-bookmarks xmlns="http://www.netbeans.org/ns/editor-bookmarks/2" lastBookmarkId="0"/>
    <open-files xmlns="http://www.netbeans.org/ns/projectui-open-files/2">
        <group>
            <file>file:/C:/Users/ipd/Documents/2017-IPD9-Java3/Quiz3Flavours/src/flavour/entity/PlaceOrder.java</file>
            <file>file:/C:/Users/ipd/Documents/2017-IPD9-Java3/Quiz3Flavours/src/flavour/Database.java</file>
            <file>file:/C:/Users/ipd/Documents/2017-IPD9-Java3/Quiz3Flavours/src/flavour/entity/Flavour.java</file>
            <file>file:/C:/Users/ipd/Documents/2017-IPD9-Java3/Quiz3Flavours/src/flavour/MainWindow.java</file>
        </group>
    </open-files>
</project-private>
